{"stat.useItem.minecraft.bow":34,"stat.leaveGame":3,"stat.mineBlock.minecraft.cobblestone":3,"stat.useItem.minecraft.diamond_sword":17,"stat.swimOneCm":37781,"stat.climbOneCm":4804,"stat.useItem.minecraft.planks":21,"stat.drop.minecraft.wooden_door":3,"stat.pickup.minecraft.glass":51,"stat.useItem.minecraft.dirt":194,"stat.pickup.minecraft.bow":2,"stat.useItem.minecraft.water_bucket":8,"stat.pickup.minecraft.rotten_flesh":13,"stat.useItem.minecraft.red_flower":8,"stat.useItem.minecraft.rail":50,"stat.pickup.minecraft.cobblestone":6,"stat.flyOneCm":279774,"stat.drop.minecraft.wheat_seeds":1,"stat.timeSinceDeath":3026,"stat.useItem.minecraft.sign":7,"stat.drop.minecraft.log":1,"stat.useItem.minecraft.iron_shovel":62,"stat.pickup.minecraft.mossy_cobblestone":11,"stat.drop.minecraft.cooked_mutton":38,"stat.useItem.minecraft.totem_of_undying":1,"stat.craftItem.minecraft.glass_pane":16,"stat.pickup.minecraft.stonebrick":36,"stat.drop.minecraft.dirt":81,"stat.pickup.minecraft.iron_shovel":2,"stat.killEntity.Creeper":1,"stat.drop.minecraft.red_flower":35,"stat.useItem.minecraft.minecart":2,"stat.sprintOneCm":47686,"stat.craftItem.minecraft.stick":4,"stat.useItem.minecraft.flint_and_steel":7,"stat.mineBlock.minecraft.crafting_table":1,"stat.useItem.minecraft.diamond_pickaxe":126,"stat.useItem.minecraft.bucket":10,"stat.entityKilledBy.Creeper":2,"stat.drop.minecraft.boat":1,"stat.pickup.minecraft.lever":1,"stat.deaths":39,"stat.drop":65,"stat.playOneMinute":167555,"stat.killEntity.Sheep":1,"stat.killEntity.Zombie":9,"stat.pickup.minecraft.fire_charge":1,"stat.mineBlock.minecraft.tallgrass":10,"stat.diveOneCm":37228,"stat.pickup.minecraft.cooked_mutton":42,"stat.chestOpened":22,"stat.mineBlock.minecraft.mossy_cobblestone":18,"stat.craftItem.minecraft.sign":3,"stat.pickup.minecraft.sign":2,"stat.useItem.minecraft.stone":84,"stat.pickup.minecraft.arrow":110,"stat.pickup.minecraft.obsidian":1,"stat.pickup.minecraft.diamond_sword":1,"stat.jump":1514,"stat.fallOneCm":36254,"stat.drop.minecraft.diamond_sword":1,"stat.pickup.minecraft.gunpowder":1,"stat.mineBlock.minecraft.chest":1,"stat.craftItem.minecraft.chest":1,"stat.pickup.minecraft.dirt":119,"stat.pickup.minecraft.painting":1,"stat.drop.minecraft.iron_shovel":2,"stat.craftingTableInteraction":9,"stat.useItem.minecraft.glass":8,"stat.boatOneCm":6966,"stat.damageTaken":1861298,"stat.pickup.minecraft.leather":1,"stat.mineBlock.minecraft.torch":17,"stat.mineBlock.minecraft.red_flower":9,"stat.pickup.minecraft.reeds":7,"stat.pickup.minecraft.wheat_seeds":13,"stat.entityKilledBy.Zombie":1,"stat.damageDealt":2962,"stat.sleepInBed":11,"stat.killEntity.Cow":1,"stat.mineBlock.minecraft.dirt":102,"stat.useItem.minecraft.crafting_table":1,"stat.drop.minecraft.reeds":20,"stat.drop.minecraft.stick":7,"stat.pickup.minecraft.boat":2,"stat.drop.minecraft.painting":1,"stat.walkOneCm":518434,"stat.useItem.minecraft.torch":29,"stat.playerKills":7,"stat.useItem.minecraft.chest":2,"stat.pickup.minecraft.stick":7,"stat.pickup.minecraft.crafting_table":1,"stat.useItem.minecraft.log":24,"stat.useItem.minecraft.cobblestone":68,"stat.useItem.minecraft.lava_bucket":8,"stat.craftItem.minecraft.boat":1,"stat.minecartOneCm":18455,"stat.pickup.minecraft.log":4,"stat.drop.minecraft.stonebrick":64,"stat.pickup.minecraft.stone":20,"stat.pickup.minecraft.wooden_door":3,"stat.pickup.minecraft.cooked_beef":4,"stat.drop.minecraft.bow":1,"stat.killEntity.Skeleton":1,"stat.drop.minecraft.lever":1,"stat.craftItem.minecraft.planks":48,"stat.killEntity.Spider":1,"stat.mobKills":14,"stat.mineBlock.minecraft.log":9,"stat.craftItem.minecraft.wooden_door":3,"stat.useItem.minecraft.wooden_door":3,"stat.useItem.minecraft.boat":2,"stat.useItem.minecraft.mossy_cobblestone":75,"stat.mineBlock.minecraft.leaves":2,"stat.pickup.minecraft.torch":59,"stat.pickup.minecraft.red_flower":37,"stat.sneakTime":84,"stat.mineBlock.minecraft.stone":25,"stat.pickup.minecraft.chest":1}