{"stat.useItem.minecraft.bow":49,"stat.pickup.minecraft.bone":66,"stat.leaveGame":4,"stat.mineBlock.minecraft.cobblestone":69,"stat.useItem.minecraft.diamond_sword":50,"stat.useItem.minecraft.glowstone":80,"stat.swimOneCm":42578,"stat.climbOneCm":15204,"stat.useItem.minecraft.golden_shovel":130,"stat.drop.minecraft.cobblestone":1,"stat.pickup.minecraft.glowstone_dust":26,"stat.useItem.stemweapon.sjy":134,"stat.useItem.minecraft.dirt":105,"stat.useItem.minecraft.stone_slab2":160,"stat.useItem.minecraft.water_bucket":48,"stat.pickup.minecraft.rotten_flesh":38,"stat.pickup.minecraft.sand":6,"stat.craftItem.minecraft.lapis_block":35,"stat.useItem.minecraft.egg":8,"stat.mineBlock.minecraft.obsidian":26,"stat.killEntity.Enderman":1,"stat.pickup.minecraft.cobblestone":834,"stat.flyOneCm":2813213,"stat.pickup.minecraft.glass_bottle":4,"stat.mineBlock.minecraft.sand":6,"stat.killEntity.Witch":1,"stat.pickup.minecraft.redstone":181,"stat.mineBlock.minecraft.iron_ore":99,"stat.timeSinceDeath":225118,"stat.hopperInspected":4,"stat.useItem.minecraft.sign":10,"stat.useItem.minecraft.spawn_egg":3,"stat.pickup.minecraft.mossy_cobblestone":101,"stat.drop.minecraft.cooked_mutton":2,"stat.furnaceInteraction":19,"stat.pickup.minecraft.trapdoor":1,"stat.killEntity.ZombieVillager":1,"stat.mineBlock.minecraft.coal_ore":33,"stat.craftItem.stemweapon.thirt":1,"stat.killEntity.Creeper":11,"stat.mineBlock.minecraft.ladder":1,"stat.pickup.stemweapon.shita":123,"stat.useItem.minecraft.cooked_mutton":28,"stat.craftItem.minecraft.stone_slab2":0,"stat.useItem.stemweapon.laoerya":2,"stat.useItem.minecraft.trapdoor":58,"stat.sprintOneCm":229908,"stat.useItem.minecraft.diamond_shovel":131,"stat.mineBlock.minecraft.stone_slab":3,"stat.useItem.minecraft.stone_slab":1,"stat.killEntity.Horse":8,"stat.craftItem.minecraft.stone":64,"stat.useItem.minecraft.flint_and_steel":12,"stat.pickup.minecraft.grass":1,"stat.mineBlock.minecraft.crafting_table":3,"stat.useItem.minecraft.diamond_pickaxe":1928,"stat.pickup.minecraft.emerald":66,"stat.deaths":1,"stat.drop":3,"stat.pickup.minecraft.egg":2,"stat.playOneMinute":249934,"stat.killEntity.Sheep":2,"stat.useItem.minecraft.ladder":24,"stat.killEntity.Zombie":41,"stat.mineBlock.minecraft.gold_ore":29,"stat.mineBlock.minecraft.tallgrass":1960,"stat.diveOneCm":20579,"stat.pickup.minecraft.cooked_mutton":2,"stat.chestOpened":62,"stat.mineBlock.minecraft.mossy_cobblestone":104,"stat.pickup.minecraft.sign":1,"stat.useItem.minecraft.stone":68,"stat.pickup.minecraft.gravel":1,"stat.pickup.minecraft.arrow":13,"stat.useItem.minecraft.glass_bottle":1,"stat.pickup.minecraft.obsidian":26,"stat.useItem.minecraft.potion":1,"stat.useItem.minecraft.bedrock":22,"stat.jump":2030,"stat.pickup.minecraft.coal":1509,"stat.pickup.minecraft.cooked_chicken":3,"stat.fallOneCm":96797,"stat.useItem.minecraft.stone_axe":3,"stat.crouchOneCm":13685,"stat.pickup.minecraft.spider_eye":3,"stat.craftItem.minecraft.iron_ingot":113,"stat.pickup.minecraft.dirt":394,"stat.craftingTableInteraction":8,"stat.pickup.minecraft.iron_ore":96,"stat.pickup.minecraft.gold_ore":29,"stat.mineBlock.minecraft.lapis_ore":1,"stat.mineBlock.minecraft.log2":276,"stat.damageTaken":1171,"stat.pickup.minecraft.leather":240,"stat.pickup.minecraft.feather":5,"stat.mineBlock.minecraft.torch":5,"stat.pickup.minecraft.log2":276,"stat.pickup.minecraft.dye":488,"stat.pickup.minecraft.reeds":1,"stat.pickup.minecraft.wheat_seeds":241,"stat.mineBlock.minecraft.gravel":1,"stat.damageDealt":5096,"stat.craftItem.minecraft.glass":6,"stat.sleepInBed":9,"stat.killEntity.Cow":1,"stat.mineBlock.minecraft.dirt":290,"stat.walkOneCm":771078,"stat.useItem.minecraft.torch":48,"stat.animalsBred":1,"stat.pickup.minecraft.crafting_table":3,"stat.useItem.minecraft.tnt":17,"stat.useItem.minecraft.cobblestone":1420,"stat.mineBlock.minecraft.double_plant":66,"stat.mineBlock.minecraft.emerald_ore":1,"stat.pickup.minecraft.log":5,"stat.craftItem.minecraft.gold_ingot":6,"stat.shulkerBoxOpened":4,"stat.pickup.minecraft.stone":198,"stat.pickup.minecraft.sapling":3,"stat.pickup.minecraft.ender_pearl":2,"stat.pickup.minecraft.cooked_beef":468,"stat.pickup.minecraft.apple":1,"stat.pickup.minecraft.ladder":24,"stat.killEntity.Skeleton":16,"stat.killEntity.Chicken":1,"stat.killEntity.Spider":3,"stat.mineBlock.minecraft.glowstone":7,"stat.mobKills":100,"stat.mineBlock.minecraft.log":5,"stat.pickup.minecraft.torch":9,"stat.pickup.minecraft.red_flower":4,"stat.mineBlock.minecraft.redstone_ore":4,"stat.sneakTime":5535,"stat.pickup.minecraft.wool":1,"stat.craftItem.minecraft.coal_block":153,"stat.pickup.minecraft.stone_slab":3,"stat.mineBlock.minecraft.stone":1538}