[
  {
    "uuid": "285bbc53-0c6f-3d35-bc1d-efd7c16e469c",
    "name": "imxlrt",
    "level": 4,
    "bypassesPlayerLimit": false
  },
  {
    "uuid": "fcaaa01e-1f3e-30e4-9839-18e81c657a5e",
    "name": "Fish3.141592653",
    "level": 4,
    "bypassesPlayerLimit": false
  },
  {
    "uuid": "b1a40d93-a092-36b1-85e1-593fbd48d25d",
    "name": "alexlee",
    "level": 4,
    "bypassesPlayerLimit": false
  },
  {
    "uuid": "52033ffa-489c-3b81-8369-7d464473a26e",
    "name": "23.",
    "level": 4,
    "bypassesPlayerLimit": false
  },
  {
    "uuid": "db30fab5-e996-461e-a7ee-eca4840f8550",
    "name": "Fish",
    "level": 4,
    "bypassesPlayerLimit": false
  }
]